"pid","object_id","file_type","file_description","original_format","research_date","researchers","equipment_used","file_location","file_notes","collection","order","thumbnail","fullwidth","full"
8207,10193,"Normal Light Images›Details","Passage in the High Mountains - Detail",,,,,,,"curatorial_files",297,"img/derivatives/simple/8207/thumbnail.jpg","img/derivatives/simple/8207/fullwidth.jpg",
10211,3284,,,,,,,,,"curatorial_files",299,"img/derivatives/simple/10211/thumbnail.jpg","img/derivatives/simple/10211/fullwidth.jpg",
415,3038,"Written Documents","A Coach on a Country Road - Catalog Card from Museum Plantin-Moretus",,,,,,,"curatorial_files",0,"img/derivatives/simple/415/thumbnail.jpg","img/derivatives/simple/415/fullwidth.jpg","img/derivatives/simple/415/fullwidth.jpg"
418,2879,"Normal Light Images›Details","Adoration of the Magi (England) - Detail 1",,,,,,,"curatorial_files",1,"img/derivatives/simple/418/thumbnail.jpg","img/derivatives/simple/418/fullwidth.jpg","img/derivatives/simple/418/fullwidth.jpg"
419,2879,"Normal Light Images›Details","Adoration of the Magi (England) - Detail 2",,,,,,,"curatorial_files",2,"img/derivatives/simple/419/thumbnail.jpg","img/derivatives/simple/419/fullwidth.jpg","img/derivatives/simple/419/fullwidth.jpg"
420,2879,"Normal Light Images›Details","Adoration of the Magi (England) - Detail 3",,,,,,,"curatorial_files",3,"img/derivatives/simple/420/thumbnail.jpg","img/derivatives/simple/420/fullwidth.jpg","img/derivatives/simple/420/fullwidth.jpg"
421,2879,"Normal Light Images›Details","Adoration of the Magi (England) - Detail 4",,,,,,,"curatorial_files",4,"img/derivatives/simple/421/thumbnail.jpg","img/derivatives/simple/421/fullwidth.jpg","img/derivatives/simple/421/fullwidth.jpg"
422,2879,"Normal Light Images›Details","Adoration of the Magi (England) - Detail 5",,,,,,,"curatorial_files",5,"img/derivatives/simple/422/thumbnail.jpg","img/derivatives/simple/422/fullwidth.jpg","img/derivatives/simple/422/fullwidth.jpg"
423,2879,"Normal Light Images›Details","Adoration of the Magi (England) - Detail 6",,,,,,,"curatorial_files",6,"img/derivatives/simple/423/thumbnail.jpg","img/derivatives/simple/423/fullwidth.jpg","img/derivatives/simple/423/fullwidth.jpg"
424,2884,"Normal Light Images›Details","Aeneas Carrying Anchises from the Burning Troy (Amsterdam) - Detail 1",,,,,,,"curatorial_files",7,"img/derivatives/simple/424/thumbnail.jpg","img/derivatives/simple/424/fullwidth.jpg","img/derivatives/simple/424/fullwidth.jpg"
425,2884,"Normal Light Images›Details","Aeneas Carrying Anchises from the Burning Troy (Amsterdam) - Detail 2",,,,,,,"curatorial_files",8,"img/derivatives/simple/425/thumbnail.jpg","img/derivatives/simple/425/fullwidth.jpg","img/derivatives/simple/425/fullwidth.jpg"
426,2884,"Normal Light Images›Details","Aeneas Carrying Anchises from the Burning Troy (Amsterdam) - Detail 3",,,,,,,"curatorial_files",9,"img/derivatives/simple/426/thumbnail.jpg","img/derivatives/simple/426/fullwidth.jpg","img/derivatives/simple/426/fullwidth.jpg"
427,2890,"Normal Light Images›Details","Aeneas and Sibyl in the Underworld (Amsterdam) - Detail 1",,,,,,,"curatorial_files",10,"img/derivatives/simple/427/thumbnail.jpg","img/derivatives/simple/427/fullwidth.jpg","img/derivatives/simple/427/fullwidth.jpg"
428,2890,"Normal Light Images›Details","Aeneas and Sibyl in the Underworld (Amsterdam) - Detail 2",,,,,,,"curatorial_files",11,"img/derivatives/simple/428/thumbnail.jpg","img/derivatives/simple/428/fullwidth.jpg","img/derivatives/simple/428/fullwidth.jpg"
429,2890,"Normal Light Images›Details","Aeneas and Sibyl in the Underworld (Amsterdam) - Detail 3",,,,,,,"curatorial_files",12,"img/derivatives/simple/429/thumbnail.jpg","img/derivatives/simple/429/fullwidth.jpg","img/derivatives/simple/429/fullwidth.jpg"
430,2897,"Normal Light Images›Details","Albert and Isabella before Mariemont Castle - Detail 1",,,,,,,"curatorial_files",13,"img/derivatives/simple/430/thumbnail.jpg","img/derivatives/simple/430/fullwidth.jpg","img/derivatives/simple/430/fullwidth.jpg"
431,2897,"Normal Light Images›Details","Albert and Isabella before Mariemont Castle - Detail 2",,,,,,,"curatorial_files",14,"img/derivatives/simple/431/thumbnail.jpg","img/derivatives/simple/431/fullwidth.jpg","img/derivatives/simple/431/fullwidth.jpg"
432,2907,"Normal Light Images›Details","Allegory of Autumn (Neuburg an der Donau) - Detail 1",,,,,,,"curatorial_files",15,"img/derivatives/simple/432/thumbnail.jpg","img/derivatives/simple/432/fullwidth.jpg","img/derivatives/simple/432/fullwidth.jpg"
433,3794,"Normal Light Images›Details","Allegory of Earth (Lyon) - Detail 1",,,,,,,"curatorial_files",16,"img/derivatives/simple/433/thumbnail.jpg","img/derivatives/simple/433/fullwidth.jpg","img/derivatives/simple/433/fullwidth.jpg"
434,3794,"Normal Light Images›Details","Allegory of Earth (Lyon) - Detail 2",,,,,,,"curatorial_files",17,"img/derivatives/simple/434/thumbnail.jpg","img/derivatives/simple/434/fullwidth.jpg","img/derivatives/simple/434/fullwidth.jpg"
435,3794,"Normal Light Images›Details","Allegory of Earth (Lyon) - Detail 3",,,,,,,"curatorial_files",18,"img/derivatives/simple/435/thumbnail.jpg","img/derivatives/simple/435/fullwidth.jpg","img/derivatives/simple/435/fullwidth.jpg"
436,3794,"Normal Light Images›Details","Allegory of Earth (Lyon) - Detail 4",,,,,,,"curatorial_files",19,"img/derivatives/simple/436/thumbnail.jpg","img/derivatives/simple/436/fullwidth.jpg","img/derivatives/simple/436/fullwidth.jpg"
437,3794,"Normal Light Images›Details","Allegory of Earth (Lyon) - Detail 5",,,,,,,"curatorial_files",20,"img/derivatives/simple/437/thumbnail.jpg","img/derivatives/simple/437/fullwidth.jpg","img/derivatives/simple/437/fullwidth.jpg"
438,3794,"Normal Light Images›Details","Allegory of Earth (Lyon) - Detail 6",,,,,,,"curatorial_files",21,"img/derivatives/simple/438/thumbnail.jpg","img/derivatives/simple/438/fullwidth.jpg","img/derivatives/simple/438/fullwidth.jpg"
439,2921,"Normal Light Images›Details","Allegory of Love - Detail 1",,,,,,,"curatorial_files",22,"img/derivatives/simple/439/thumbnail.jpg","img/derivatives/simple/439/fullwidth.jpg","img/derivatives/simple/439/fullwidth.jpg"
440,2921,"Normal Light Images›Details","Allegory of Love - Detail 2",,,,,,,"curatorial_files",23,"img/derivatives/simple/440/thumbnail.jpg","img/derivatives/simple/440/fullwidth.jpg","img/derivatives/simple/440/fullwidth.jpg"
441,2921,"Normal Light Images›Details","Allegory of Love - Detail 3",,,,,,,"curatorial_files",24,"img/derivatives/simple/441/thumbnail.jpg","img/derivatives/simple/441/fullwidth.jpg","img/derivatives/simple/441/fullwidth.jpg"
442,2921,"Normal Light Images›Details","Allegory of Love - Detail 4",,,,,,,"curatorial_files",25,"img/derivatives/simple/442/thumbnail.jpg","img/derivatives/simple/442/fullwidth.jpg","img/derivatives/simple/442/fullwidth.jpg"
443,2921,"Normal Light Images›Details","Allegory of Love - Detail 5",,,,,,,"curatorial_files",26,"img/derivatives/simple/443/thumbnail.jpg","img/derivatives/simple/443/fullwidth.jpg","img/derivatives/simple/443/fullwidth.jpg"
444,2921,"Normal Light Images›Details","Allegory of Love - Detail 6",,,,,,,"curatorial_files",27,"img/derivatives/simple/444/thumbnail.jpg","img/derivatives/simple/444/fullwidth.jpg","img/derivatives/simple/444/fullwidth.jpg"
445,2921,"Normal Light Images›Details","Allegory of Love - Detail 7",,,,,,,"curatorial_files",28,"img/derivatives/simple/445/thumbnail.jpg","img/derivatives/simple/445/fullwidth.jpg","img/derivatives/simple/445/fullwidth.jpg"
446,2921,"Normal Light Images›Details","Allegory of Love - Detail 8",,,,,,,"curatorial_files",29,"img/derivatives/simple/446/thumbnail.jpg","img/derivatives/simple/446/fullwidth.jpg","img/derivatives/simple/446/fullwidth.jpg"
448,2926,"Normal Light Images›Details","Allegory of Spring (Neuburg an der Donau) - Detail 1",,,,,,,"curatorial_files",31,"img/derivatives/simple/448/thumbnail.jpg","img/derivatives/simple/448/fullwidth.jpg","img/derivatives/simple/448/fullwidth.jpg"
449,2926,"Normal Light Images›Details","Allegory of Spring (Neuburg an der Donau) - Detail 2",,,,,,,"curatorial_files",32,"img/derivatives/simple/449/thumbnail.jpg","img/derivatives/simple/449/fullwidth.jpg","img/derivatives/simple/449/fullwidth.jpg"
450,2926,"Normal Light Images›Details","Allegory of Spring (Neuburg an der Donau) - Detail 3",,,,,,,"curatorial_files",33,"img/derivatives/simple/450/thumbnail.jpg","img/derivatives/simple/450/fullwidth.jpg","img/derivatives/simple/450/fullwidth.jpg"
451,2926,"Normal Light Images›Details","Allegory of Spring (Neuburg an der Donau) - Detail 4",,,,,,,"curatorial_files",34,"img/derivatives/simple/451/thumbnail.jpg","img/derivatives/simple/451/fullwidth.jpg","img/derivatives/simple/451/fullwidth.jpg"
452,2938,"Normal Light Images›Details","Allegory of Winter (Neuburg an der Donau) - Detail 1",,,,,,,"curatorial_files",35,"img/derivatives/simple/452/thumbnail.jpg","img/derivatives/simple/452/fullwidth.jpg","img/derivatives/simple/452/fullwidth.jpg"
453,3799,"Normal Light Images›Details","Allegory of the Five Senses - Detail 1",,,,,,,"curatorial_files",36,"img/derivatives/simple/453/thumbnail.jpg","img/derivatives/simple/453/fullwidth.jpg","img/derivatives/simple/453/fullwidth.jpg"
454,3799,"Normal Light Images›Details","Allegory of the Five Senses - Detail 2",,,,,,,"curatorial_files",37,"img/derivatives/simple/454/thumbnail.jpg","img/derivatives/simple/454/fullwidth.jpg","img/derivatives/simple/454/fullwidth.jpg"
455,3799,"Normal Light Images›Details","Allegory of the Five Senses - Detail 3",,,,,,,"curatorial_files",38,"img/derivatives/simple/455/thumbnail.jpg","img/derivatives/simple/455/fullwidth.jpg","img/derivatives/simple/455/fullwidth.jpg"
456,3799,"Normal Light Images›Details","Allegory of the Five Senses - Detail 4",,,,,,,"curatorial_files",39,"img/derivatives/simple/456/thumbnail.jpg","img/derivatives/simple/456/fullwidth.jpg","img/derivatives/simple/456/fullwidth.jpg"
457,3799,"Normal Light Images›Details","Allegory of the Five Senses - Detail 5",,,,,,,"curatorial_files",40,"img/derivatives/simple/457/thumbnail.jpg","img/derivatives/simple/457/fullwidth.jpg","img/derivatives/simple/457/fullwidth.jpg"
458,3799,"Normal Light Images›Details","Allegory of the Five Senses - Detail 6",,,,,,,"curatorial_files",41,"img/derivatives/simple/458/thumbnail.jpg","img/derivatives/simple/458/fullwidth.jpg","img/derivatives/simple/458/fullwidth.jpg"
467,2979,"Normal Light Images›Extra Images","Framed",,,,,,,"curatorial_files",42,"img/derivatives/simple/467/thumbnail.jpg","img/derivatives/simple/467/fullwidth.jpg","img/derivatives/simple/467/fullwidth.jpg"
468,2987,"Normal Light Images›Extra Images","Alternate image",,,,,,,"curatorial_files",43,"img/derivatives/simple/468/thumbnail.jpg","img/derivatives/simple/468/fullwidth.jpg","img/derivatives/simple/468/fullwidth.jpg"
469,3803,"Normal Light Images›Extra Images","Color",,,,,,,"curatorial_files",44,"img/derivatives/simple/469/thumbnail.jpg","img/derivatives/simple/469/fullwidth.jpg","img/derivatives/simple/469/fullwidth.jpg"
470,3803,"Normal Light Images›Details","Detail 1",,,,,,,"curatorial_files",45,"img/derivatives/simple/470/thumbnail.jpg","img/derivatives/simple/470/fullwidth.jpg","img/derivatives/simple/470/fullwidth.jpg"
471,3803,"Normal Light Images›Details","Detail 2",,,,,,,"curatorial_files",46,"img/derivatives/simple/471/thumbnail.jpg","img/derivatives/simple/471/fullwidth.jpg","img/derivatives/simple/471/fullwidth.jpg"
472,3803,"Normal Light Images›Details","Detail 3",,,,,,,"curatorial_files",47,"img/derivatives/simple/472/thumbnail.jpg","img/derivatives/simple/472/fullwidth.jpg","img/derivatives/simple/472/fullwidth.jpg"
473,3803,"Normal Light Images›Details","Detail 4",,,,,,,"curatorial_files",48,"img/derivatives/simple/473/thumbnail.jpg","img/derivatives/simple/473/fullwidth.jpg","img/derivatives/simple/473/fullwidth.jpg"
474,3803,"Normal Light Images›Details","Detail 5",,,,,,,"curatorial_files",49,"img/derivatives/simple/474/thumbnail.jpg","img/derivatives/simple/474/fullwidth.jpg","img/derivatives/simple/474/fullwidth.jpg"
477,3009,"Written Documents","Busy Road - Catalog Card from Museum Plantin-Moretus",,,,,,,"curatorial_files",50,"img/derivatives/simple/477/thumbnail.jpg","img/derivatives/simple/477/fullwidth.jpg","img/derivatives/simple/477/fullwidth.jpg"
478,3014,"Normal Light Images›Details","Calvary (Munich) - Detail 1",,,,,,,"curatorial_files",51,"img/derivatives/simple/478/thumbnail.jpg","img/derivatives/simple/478/fullwidth.jpg","img/derivatives/simple/478/fullwidth.jpg"
479,3026,"Normal Light Images›Extra Images","Christ and the Adulterous Woman (Munich) - Unframed",,,,,,,"curatorial_files",52,"img/derivatives/simple/479/thumbnail.jpg","img/derivatives/simple/479/fullwidth.jpg","img/derivatives/simple/479/fullwidth.jpg"
480,3026,"Normal Light Images›Details","Christ and the Adulterous Woman (Munich) - Detail 1",,,,,,,"curatorial_files",53,"img/derivatives/simple/480/thumbnail.jpg","img/derivatives/simple/480/fullwidth.jpg","img/derivatives/simple/480/fullwidth.jpg"
481,3029,"Normal Light Images›Reverse","Reverse",,,,,,,"curatorial_files",54,"img/derivatives/simple/481/thumbnail.jpg","img/derivatives/simple/481/fullwidth.jpg","img/derivatives/simple/481/fullwidth.jpg"
482,3035,"Normal Light Images›Details","Cityscape with Busy Street - Detail 1",,,,,,,"curatorial_files",55,"img/derivatives/simple/482/thumbnail.jpg","img/derivatives/simple/482/fullwidth.jpg","img/derivatives/simple/482/fullwidth.jpg"
483,3035,"Normal Light Images›Details","Cityscape with Busy Street - Detail 2",,,,,,,"curatorial_files",56,"img/derivatives/simple/483/thumbnail.jpg","img/derivatives/simple/483/fullwidth.jpg","img/derivatives/simple/483/fullwidth.jpg"
484,3035,"Normal Light Images›Details","Cityscape with Busy Street - Detail 3",,,,,,,"curatorial_files",57,"img/derivatives/simple/484/thumbnail.jpg","img/derivatives/simple/484/fullwidth.jpg","img/derivatives/simple/484/fullwidth.jpg"
485,3035,"Normal Light Images›Details","Cityscape with Busy Street - Detail 4",,,,,,,"curatorial_files",58,"img/derivatives/simple/485/thumbnail.jpg","img/derivatives/simple/485/fullwidth.jpg","img/derivatives/simple/485/fullwidth.jpg"
486,3806,"Normal Light Images›Details","Coastal Landscape with Sacrifice of Jonah (London) - Detail 1",,,,,,,"curatorial_files",59,"img/derivatives/simple/486/thumbnail.jpg","img/derivatives/simple/486/fullwidth.jpg","img/derivatives/simple/486/fullwidth.jpg"
487,3806,"Normal Light Images›Details","Coastal Landscape with Sacrifice of Jonah (London) - Detail 2",,,,,,,"curatorial_files",60,"img/derivatives/simple/487/thumbnail.jpg","img/derivatives/simple/487/fullwidth.jpg","img/derivatives/simple/487/fullwidth.jpg"
488,3806,"Normal Light Images›Details","Coastal Landscape with Sacrifice of Jonah (London) - Detail 3",,,,,,,"curatorial_files",61,"img/derivatives/simple/488/thumbnail.jpg","img/derivatives/simple/488/fullwidth.jpg","img/derivatives/simple/488/fullwidth.jpg"
489,3806,"Normal Light Images›Details","Coastal Landscape with Sacrifice of Jonah (London) - Detail 4",,,,,,,"curatorial_files",62,"img/derivatives/simple/489/thumbnail.jpg","img/derivatives/simple/489/fullwidth.jpg","img/derivatives/simple/489/fullwidth.jpg"
490,3806,"Normal Light Images›Details","Coastal Landscape with Sacrifice of Jonah (London) - Detail 5",,,,,,,"curatorial_files",63,"img/derivatives/simple/490/thumbnail.jpg","img/derivatives/simple/490/fullwidth.jpg","img/derivatives/simple/490/fullwidth.jpg"
491,3056,"Normal Light Images›Details","Country Road with Windmill - Detail 1",,,,,,,"curatorial_files",64,"img/derivatives/simple/491/thumbnail.jpg","img/derivatives/simple/491/fullwidth.jpg","img/derivatives/simple/491/fullwidth.jpg"
492,3056,"Normal Light Images›Details","Country Road with Windmill - Detail 2",,,,,,,"curatorial_files",65,"img/derivatives/simple/492/thumbnail.jpg","img/derivatives/simple/492/fullwidth.jpg","img/derivatives/simple/492/fullwidth.jpg"
493,3808,"Normal Light Images›Details","Crossing in the Forest - Detail 1",,,,,,,"curatorial_files",66,"img/derivatives/simple/493/thumbnail.jpg","img/derivatives/simple/493/fullwidth.jpg","img/derivatives/simple/493/fullwidth.jpg"
494,3808,"Normal Light Images›Details","Crossing in the Forest - Detail 2",,,,,,,"curatorial_files",67,"img/derivatives/simple/494/thumbnail.jpg","img/derivatives/simple/494/fullwidth.jpg","img/derivatives/simple/494/fullwidth.jpg"
495,3808,"Normal Light Images›Details","Crossing in the Forest - Detail 3",,,,,,,"curatorial_files",68,"img/derivatives/simple/495/thumbnail.jpg","img/derivatives/simple/495/fullwidth.jpg","img/derivatives/simple/495/fullwidth.jpg"
496,3070,"Normal Light Images›Details","Diana's Nymphs After Fishing - Detail 1",,,,,,,"curatorial_files",69,"img/derivatives/simple/496/thumbnail.jpg","img/derivatives/simple/496/fullwidth.jpg","img/derivatives/simple/496/fullwidth.jpg"
497,3070,"Normal Light Images›Details","Diana's Nymphs After Fishing - Detail 2",,,,,,,"curatorial_files",70,"img/derivatives/simple/497/thumbnail.jpg","img/derivatives/simple/497/fullwidth.jpg","img/derivatives/simple/497/fullwidth.jpg"
498,3070,"Normal Light Images›Details","Diana's Nymphs After Fishing - Detail 3",,,,,,,"curatorial_files",71,"img/derivatives/simple/498/thumbnail.jpg","img/derivatives/simple/498/fullwidth.jpg","img/derivatives/simple/498/fullwidth.jpg"
499,3070,"Normal Light Images›Details","Diana's Nymphs After Fishing - Detail 4",,,,,,,"curatorial_files",72,"img/derivatives/simple/499/thumbnail.jpg","img/derivatives/simple/499/fullwidth.jpg","img/derivatives/simple/499/fullwidth.jpg"
500,3072,"Normal Light Images›Details","Diana After the Hunt - Detail 1",,,,,,,"curatorial_files",73,"img/derivatives/simple/500/thumbnail.jpg","img/derivatives/simple/500/fullwidth.jpg","img/derivatives/simple/500/fullwidth.jpg"
501,3809,"Normal Light Images›Details","Diana and Actaeon - Detail 1",,,,,,,"curatorial_files",74,"img/derivatives/simple/501/thumbnail.jpg","img/derivatives/simple/501/fullwidth.jpg","img/derivatives/simple/501/fullwidth.jpg"
502,3809,"Normal Light Images›Details","Diana and Actaeon - Detail 2",,,,,,,"curatorial_files",75,"img/derivatives/simple/502/thumbnail.jpg","img/derivatives/simple/502/fullwidth.jpg","img/derivatives/simple/502/fullwidth.jpg"
503,3813,"Normal Light Images›Details","Fantastic Cave with Odysseus and Calypso - Detail 1",,,,,,,"curatorial_files",76,"img/derivatives/simple/503/thumbnail.jpg","img/derivatives/simple/503/fullwidth.jpg","img/derivatives/simple/503/fullwidth.jpg"
504,3813,"Normal Light Images›Details","Fantastic Cave with Odysseus and Calypso - Detail 2",,,,,,,"curatorial_files",77,"img/derivatives/simple/504/thumbnail.jpg","img/derivatives/simple/504/fullwidth.jpg","img/derivatives/simple/504/fullwidth.jpg"
505,3813,"Normal Light Images›Details","Fantastic Cave with Odysseus and Calypso - Detail 3",,,,,,,"curatorial_files",78,"img/derivatives/simple/505/thumbnail.jpg","img/derivatives/simple/505/fullwidth.jpg","img/derivatives/simple/505/fullwidth.jpg"
506,3813,"Normal Light Images›Details","Fantastic Cave with Odysseus and Calypso - Detail 4",,,,,,,"curatorial_files",79,"img/derivatives/simple/506/thumbnail.jpg","img/derivatives/simple/506/fullwidth.jpg","img/derivatives/simple/506/fullwidth.jpg"
507,3813,"Normal Light Images›Details","Fantastic Cave with Odysseus and Calypso - Detail 5",,,,,,,"curatorial_files",80,"img/derivatives/simple/507/thumbnail.jpg","img/derivatives/simple/507/fullwidth.jpg","img/derivatives/simple/507/fullwidth.jpg"
508,3813,"Normal Light Images›Details","Fantastic Cave with Odysseus and Calypso - Detail 6",,,,,,,"curatorial_files",81,"img/derivatives/simple/508/thumbnail.jpg","img/derivatives/simple/508/fullwidth.jpg","img/derivatives/simple/508/fullwidth.jpg"
509,3813,"Normal Light Images›Details","Fantastic Cave with Odysseus and Calypso - Detail 7",,,,,,,"curatorial_files",82,"img/derivatives/simple/509/thumbnail.jpg","img/derivatives/simple/509/fullwidth.jpg","img/derivatives/simple/509/fullwidth.jpg"
510,3813,"Normal Light Images›Details","Fantastic Cave with Odysseus and Calypso - Detail 8",,,,,,,"curatorial_files",83,"img/derivatives/simple/510/thumbnail.jpg","img/derivatives/simple/510/fullwidth.jpg","img/derivatives/simple/510/fullwidth.jpg"
511,3101,"Normal Light Images›Details","Farmstead on the Stream - Detail 1",,,,,,,"curatorial_files",84,"img/derivatives/simple/511/thumbnail.jpg","img/derivatives/simple/511/fullwidth.jpg","img/derivatives/simple/511/fullwidth.jpg"
512,3108,"Normal Light Images›Details","Feast of the Gods with Bacchus - Detail 1",,,,,,,"curatorial_files",85,"img/derivatives/simple/512/thumbnail.jpg","img/derivatives/simple/512/fullwidth.jpg","img/derivatives/simple/512/fullwidth.jpg"
513,3108,"Normal Light Images›Details","Feast of the Gods with Bacchus - Detail 2",,,,,,,"curatorial_files",86,"img/derivatives/simple/513/thumbnail.jpg","img/derivatives/simple/513/fullwidth.jpg","img/derivatives/simple/513/fullwidth.jpg"
515,3116,"Normal Light Images›Details","Fish Market by a River - Detail 1",,,,,,,"curatorial_files",88,"img/derivatives/simple/515/thumbnail.jpg","img/derivatives/simple/515/fullwidth.jpg","img/derivatives/simple/515/fullwidth.jpg"
516,3116,"Normal Light Images›Details","Fish Market by a River - Detail 2",,,,,,,"curatorial_files",89,"img/derivatives/simple/516/thumbnail.jpg","img/derivatives/simple/516/fullwidth.jpg","img/derivatives/simple/516/fullwidth.jpg"
517,3118,"Written Documents","Fishermen in the Dunes - Catalog Card from Museum Plantin-Moretus",,,,,,,"curatorial_files",90,"img/derivatives/simple/517/thumbnail.jpg","img/derivatives/simple/517/fullwidth.jpg","img/derivatives/simple/517/fullwidth.jpg"
518,3118,"Written Documents","Fishermen in the Dunes - Catalog Card from Museum Plantin-Moretus",,,,,,,"curatorial_files",91,"img/derivatives/simple/518/thumbnail.jpg","img/derivatives/simple/518/fullwidth.jpg","img/derivatives/simple/518/fullwidth.jpg"
519,3126,"Written Documents","Flower Arrangement - Catalog Card from Museum Plantin-Moretus",,,,,,,"curatorial_files",92,"img/derivatives/simple/519/thumbnail.jpg","img/derivatives/simple/519/fullwidth.jpg","img/derivatives/simple/519/fullwidth.jpg"
520,3126,"Written Documents","Flower Arrangement - Catalog Card from Museum Plantin-Moretus",,,,,,,"curatorial_files",93,"img/derivatives/simple/520/thumbnail.jpg","img/derivatives/simple/520/fullwidth.jpg","img/derivatives/simple/520/fullwidth.jpg"
521,3130,"Normal Light Images›Details","Flower Garland Around the Madonna and Child with Angels - Detail 1",,,,,,,"curatorial_files",94,"img/derivatives/simple/521/thumbnail.jpg","img/derivatives/simple/521/fullwidth.jpg","img/derivatives/simple/521/fullwidth.jpg"
522,3130,"Normal Light Images›Details","Flower Garland Around the Madonna and Child with Angels - Detail 2",,,,,,,"curatorial_files",95,"img/derivatives/simple/522/thumbnail.jpg","img/derivatives/simple/522/fullwidth.jpg","img/derivatives/simple/522/fullwidth.jpg"
523,3130,"Normal Light Images›Details","Flower Garland Around the Madonna and Child with Angels - Detail 4",,,,,,,"curatorial_files",96,"img/derivatives/simple/523/thumbnail.jpg","img/derivatives/simple/523/fullwidth.jpg","img/derivatives/simple/523/fullwidth.jpg"
524,3130,"Normal Light Images›Details","Flower Garland Around the Madonna and Child with Angels - Detail 5",,,,,,,"curatorial_files",97,"img/derivatives/simple/524/thumbnail.jpg","img/derivatives/simple/524/fullwidth.jpg","img/derivatives/simple/524/fullwidth.jpg"
525,3132,"Normal Light Images›Framed","Flower Garland Around the Virgin and Child (Milan), framed",,,,,,,"curatorial_files",98,"img/derivatives/simple/525/thumbnail.jpg","img/derivatives/simple/525/fullwidth.jpg","img/derivatives/simple/525/fullwidth.jpg"
526,3139,"Normal Light Images›Details","Detail 1",,,,,,"RKD #92.731","curatorial_files",99,"img/derivatives/simple/526/thumbnail.jpg","img/derivatives/simple/526/fullwidth.jpg","img/derivatives/simple/526/fullwidth.jpg"
527,3139,"Normal Light Images›Details","Detail 2",,,,,,"RKD #92.728","curatorial_files",100,"img/derivatives/simple/527/thumbnail.jpg","img/derivatives/simple/527/fullwidth.jpg","img/derivatives/simple/527/fullwidth.jpg"
528,3139,"Normal Light Images›Details","Detail 3",,,,,,"RKD #92.726","curatorial_files",101,"img/derivatives/simple/528/thumbnail.jpg","img/derivatives/simple/528/fullwidth.jpg","img/derivatives/simple/528/fullwidth.jpg"
529,3139,"Normal Light Images›Details","Detail 4",,,,,,"RKD #92.724","curatorial_files",102,"img/derivatives/simple/529/thumbnail.jpg","img/derivatives/simple/529/fullwidth.jpg","img/derivatives/simple/529/fullwidth.jpg"
530,3139,"Normal Light Images›Details","Detail 5",,,,,,"RKD #92.729","curatorial_files",103,"img/derivatives/simple/530/thumbnail.jpg","img/derivatives/simple/530/fullwidth.jpg","img/derivatives/simple/530/fullwidth.jpg"
531,3139,"Normal Light Images›Details","Detail 6",,,,,,"RKD #92.730","curatorial_files",104,"img/derivatives/simple/531/thumbnail.jpg","img/derivatives/simple/531/fullwidth.jpg","img/derivatives/simple/531/fullwidth.jpg"
532,3139,"Normal Light Images›Details","Detail 7",,,,,,"RKD #92.727","curatorial_files",105,"img/derivatives/simple/532/thumbnail.jpg","img/derivatives/simple/532/fullwidth.jpg","img/derivatives/simple/532/fullwidth.jpg"
533,3142,"Normal Light Images›Details","Flowers in Earthenware Vase (Vienna) detail",,,,,,,"curatorial_files",106,"img/derivatives/simple/533/thumbnail.jpg","img/derivatives/simple/533/fullwidth.jpg","img/derivatives/simple/533/fullwidth.jpg"
534,3819,"Normal Light Images›Details","Flowers in a Blue Painted Vase - Detail 1",,,,,,,"curatorial_files",107,"img/derivatives/simple/534/thumbnail.jpg","img/derivatives/simple/534/fullwidth.jpg","img/derivatives/simple/534/fullwidth.jpg"
535,3819,"Normal Light Images›Details","Flowers in a Blue Painted Vase - Detail 2",,,,,,,"curatorial_files",108,"img/derivatives/simple/535/thumbnail.jpg","img/derivatives/simple/535/fullwidth.jpg","img/derivatives/simple/535/fullwidth.jpg"
536,3819,"Normal Light Images›Details","Flowers in a Blue Painted Vase - Detail 3",,,,,,,"curatorial_files",109,"img/derivatives/simple/536/thumbnail.jpg","img/derivatives/simple/536/fullwidth.jpg","img/derivatives/simple/536/fullwidth.jpg"
537,3819,"Normal Light Images›Details","Flowers in a Blue Painted Vase - Detail 4",,,,,,,"curatorial_files",110,"img/derivatives/simple/537/thumbnail.jpg","img/derivatives/simple/537/fullwidth.jpg","img/derivatives/simple/537/fullwidth.jpg"
538,3819,"Normal Light Images›Details","Flowers in a Blue Painted Vase - Detail 5",,,,,,,"curatorial_files",111,"img/derivatives/simple/538/thumbnail.jpg","img/derivatives/simple/538/fullwidth.jpg","img/derivatives/simple/538/fullwidth.jpg"
539,3820,"Normal Light Images›Details","Detail",,,,,,"Ertz 2008-10, 
Cat 421","curatorial_files",112,"img/derivatives/simple/539/thumbnail.jpg","img/derivatives/simple/539/fullwidth.jpg","img/derivatives/simple/539/fullwidth.jpg"
540,3154,"Normal Light Images›Details","Detail 1",,,,,,,"curatorial_files",113,"img/derivatives/simple/540/thumbnail.jpg","img/derivatives/simple/540/fullwidth.jpg","img/derivatives/simple/540/fullwidth.jpg"
541,3160,"Normal Light Images›Extra Images","Black and white",,,,,,,"curatorial_files",114,"img/derivatives/simple/541/thumbnail.jpg","img/derivatives/simple/541/fullwidth.jpg","img/derivatives/simple/541/fullwidth.jpg"
542,3177,"Normal Light Images›Details","Detail 1",,,,,,,"curatorial_files",115,"img/derivatives/simple/542/thumbnail.jpg","img/derivatives/simple/542/fullwidth.jpg","img/derivatives/simple/542/fullwidth.jpg"
543,3177,"Normal Light Images›Details","Detail 2",,,,,,,"curatorial_files",116,"img/derivatives/simple/543/thumbnail.jpg","img/derivatives/simple/543/fullwidth.jpg","img/derivatives/simple/543/fullwidth.jpg"
544,3180,"Normal Light Images›Extra Images",,,,,,,,"curatorial_files",117,"img/derivatives/simple/544/thumbnail.jpg","img/derivatives/simple/544/fullwidth.jpg","img/derivatives/simple/544/fullwidth.jpg"
545,3186,"Normal Light Images›Framed","Forest Landscape with Angler - Framed",,,,,,,"curatorial_files",118,"img/derivatives/simple/545/thumbnail.jpg","img/derivatives/simple/545/fullwidth.jpg","img/derivatives/simple/545/fullwidth.jpg"
546,3186,"Normal Light Images›Details","Forest Landscape with Angler - Detail 1",,,,,,,"curatorial_files",119,"img/derivatives/simple/546/thumbnail.jpg","img/derivatives/simple/546/fullwidth.jpg","img/derivatives/simple/546/fullwidth.jpg"
547,3186,"Normal Light Images›Details","Forest Landscape with Angler - Detail 2",,,,,,,"curatorial_files",120,"img/derivatives/simple/547/thumbnail.jpg","img/derivatives/simple/547/fullwidth.jpg","img/derivatives/simple/547/fullwidth.jpg"
548,3186,"Normal Light Images›Details","Forest Landscape with Angler - Detail 3",,,,,,,"curatorial_files",121,"img/derivatives/simple/548/thumbnail.jpg","img/derivatives/simple/548/fullwidth.jpg","img/derivatives/simple/548/fullwidth.jpg"
549,3192,"Normal Light Images›Framed","Framed",,,,,,,"curatorial_files",122,"img/derivatives/simple/549/thumbnail.jpg","img/derivatives/simple/549/fullwidth.jpg","img/derivatives/simple/549/fullwidth.jpg"
550,3205,"Normal Light Images›Related Materials","Forest Landscape with Hunters (Private Collection) depicted in the Allegory of Sight (Prado)",,,,,,"The relationship between the two paintings is explored in Wood Ruby 2012.","curatorial_files",123,"img/derivatives/simple/550/thumbnail.jpg","img/derivatives/simple/550/fullwidth.jpg","img/derivatives/simple/550/fullwidth.jpg"
551,3211,"Normal Light Images›Details","Forest Landscape with St. Hubert - Detail 1",,,,,,,"curatorial_files",124,"img/derivatives/simple/551/thumbnail.jpg","img/derivatives/simple/551/fullwidth.jpg","img/derivatives/simple/551/fullwidth.jpg"
552,3211,"Normal Light Images›Details","Forest Landscape with St. Hubert - Detail 2",,,,,,,"curatorial_files",125,"img/derivatives/simple/552/thumbnail.jpg","img/derivatives/simple/552/fullwidth.jpg","img/derivatives/simple/552/fullwidth.jpg"
553,3211,"Normal Light Images›Details","Forest Landscape with St. Hubert - Detail 3",,,,,,,"curatorial_files",126,"img/derivatives/simple/553/thumbnail.jpg","img/derivatives/simple/553/fullwidth.jpg","img/derivatives/simple/553/fullwidth.jpg"
554,3229,"Normal Light Images›Framed","Forest with Hunting Scene (Framed)",,,,,,,"curatorial_files",127,"img/derivatives/simple/554/thumbnail.jpg","img/derivatives/simple/554/fullwidth.jpg","img/derivatives/simple/554/fullwidth.jpg"
556,3246,"Normal Light Images›Details","Fruit and Flower Garland with the Holy Family in a Landscape (Munich) - Detail 1",,,,,,,"curatorial_files",129,"img/derivatives/simple/556/thumbnail.jpg","img/derivatives/simple/556/fullwidth.jpg","img/derivatives/simple/556/fullwidth.jpg"
557,3246,"Normal Light Images›Details","Fruit and Flower Garland with the Holy Family in a Landscape (Munich) - Detail 2",,,,,,,"curatorial_files",130,"img/derivatives/simple/557/thumbnail.jpg","img/derivatives/simple/557/fullwidth.jpg","img/derivatives/simple/557/fullwidth.jpg"
559,3260,"Normal Light Images›Details","Harbor with Preaching of Christ (London) - Detail 1",,,,,,,"curatorial_files",131,"img/derivatives/simple/559/thumbnail.jpg","img/derivatives/simple/559/fullwidth.jpg","img/derivatives/simple/559/fullwidth.jpg"
560,3260,"Normal Light Images›Details","Harbor with Preaching of Christ (London) - Detail 2",,,,,,,"curatorial_files",132,"img/derivatives/simple/560/thumbnail.jpg","img/derivatives/simple/560/fullwidth.jpg","img/derivatives/simple/560/fullwidth.jpg"
561,3260,"Normal Light Images›Details","Harbor with Preaching of Christ (London) - Detail 3",,,,,,,"curatorial_files",133,"img/derivatives/simple/561/thumbnail.jpg","img/derivatives/simple/561/fullwidth.jpg","img/derivatives/simple/561/fullwidth.jpg"
562,3260,"Normal Light Images›Details","Harbor with Preaching of Christ (London) - Detail 4",,,,,,,"curatorial_files",134,"img/derivatives/simple/562/thumbnail.jpg","img/derivatives/simple/562/fullwidth.jpg","img/derivatives/simple/562/fullwidth.jpg"
563,3263,"Normal Light Images›Framed","Hell Scene, framed",,,,,,,"curatorial_files",135,"img/derivatives/simple/563/thumbnail.jpg","img/derivatives/simple/563/fullwidth.jpg","img/derivatives/simple/563/fullwidth.jpg"
564,3266,"Normal Light Images›Related Materials","Hermit with Vegetable Garden and Distant Landscape - Extra 1",,,,,,,"curatorial_files",136,"img/derivatives/simple/564/thumbnail.jpg","img/derivatives/simple/564/fullwidth.jpg","img/derivatives/simple/564/fullwidth.jpg"
565,3266,"Normal Light Images›Related Materials","Hermit with Vegetable Garden and Distant Landscape - Extra 2",,,,,,,"curatorial_files",137,"img/derivatives/simple/565/thumbnail.jpg","img/derivatives/simple/565/fullwidth.jpg","img/derivatives/simple/565/fullwidth.jpg"
566,3277,"Normal Light Images›Details","Holy Family in a Landscape (Munich) - Detail 1",,,,,,,"curatorial_files",138,"img/derivatives/simple/566/thumbnail.jpg","img/derivatives/simple/566/fullwidth.jpg","img/derivatives/simple/566/fullwidth.jpg"
567,3277,"Normal Light Images›Details","Holy Family in a Landscape (Munich) - Detail 2",,,,,,,"curatorial_files",139,"img/derivatives/simple/567/thumbnail.jpg","img/derivatives/simple/567/fullwidth.jpg","img/derivatives/simple/567/fullwidth.jpg"
568,3291,"Normal Light Images›Extra Images","Interior of a Gothic Church (Milan) - Extra 1",,,,,,,"curatorial_files",140,"img/derivatives/simple/568/thumbnail.jpg","img/derivatives/simple/568/fullwidth.jpg","img/derivatives/simple/568/fullwidth.jpg"
569,3830,"Normal Light Images›Extra Images","Interior of a Gothic Church Looking East (London, 1443) - Extra 1",,,,,,,"curatorial_files",141,"img/derivatives/simple/569/thumbnail.jpg","img/derivatives/simple/569/fullwidth.jpg","img/derivatives/simple/569/fullwidth.jpg"
570,3830,"Normal Light Images›Extra Images","Interior of a Gothic Church Looking East (London, 1443) - Extra 2",,,,,,,"curatorial_files",142,"img/derivatives/simple/570/thumbnail.jpg","img/derivatives/simple/570/fullwidth.jpg","img/derivatives/simple/570/fullwidth.jpg"
571,3831,"Normal Light Images›Extra Images","Interior of a Gothic Church Looking East (London, 2204) - Extra 1",,,,,,,"curatorial_files",143,"img/derivatives/simple/571/thumbnail.jpg","img/derivatives/simple/571/fullwidth.jpg","img/derivatives/simple/571/fullwidth.jpg"
572,3295,"Normal Light Images›Details","John the Baptist in the Wilderness (London) - Detail 1",,,,,,,"curatorial_files",144,"img/derivatives/simple/572/thumbnail.jpg","img/derivatives/simple/572/fullwidth.jpg","img/derivatives/simple/572/fullwidth.jpg"
573,3295,"Normal Light Images›Details","John the Baptist in the Wilderness (London) - Detail 2",,,,,,,"curatorial_files",145,"img/derivatives/simple/573/thumbnail.jpg","img/derivatives/simple/573/fullwidth.jpg","img/derivatives/simple/573/fullwidth.jpg"
574,3297,"Normal Light Images›Details","Jonah Leaving the Whale (Munich) - Detail 1",,,,,,,"curatorial_files",146,"img/derivatives/simple/574/thumbnail.jpg","img/derivatives/simple/574/fullwidth.jpg","img/derivatives/simple/574/fullwidth.jpg"
575,3303,"Normal Light Images›Details","Landing Stage Near a Village - Detail 1",,,,,,,"curatorial_files",147,"img/derivatives/simple/575/thumbnail.jpg","img/derivatives/simple/575/fullwidth.jpg","img/derivatives/simple/575/fullwidth.jpg"
576,3303,"Normal Light Images›Details","Landing Stage Near a Village - Detail 2",,,,,,,"curatorial_files",148,"img/derivatives/simple/576/thumbnail.jpg","img/derivatives/simple/576/fullwidth.jpg","img/derivatives/simple/576/fullwidth.jpg"
577,3315,"Normal Light Images›Related Materials","Landscape with Hermit (St. Fulgentius?) (Milan) - Extra 1",,,,,,,"curatorial_files",149,"img/derivatives/simple/577/thumbnail.jpg","img/derivatives/simple/577/fullwidth.jpg","img/derivatives/simple/577/fullwidth.jpg"
578,3322,"Written Documents","Landscape with Moated Castle - Catalog Card from Museum Plantin-Moretus",,,,,,,"curatorial_files",150,"img/derivatives/simple/578/thumbnail.jpg","img/derivatives/simple/578/fullwidth.jpg","img/derivatives/simple/578/fullwidth.jpg"
579,3322,"Written Documents","Landscape with Moated Castle - Catalog Card from Museum Plantin-Moretus",,,,,,,"curatorial_files",151,"img/derivatives/simple/579/thumbnail.jpg","img/derivatives/simple/579/fullwidth.jpg","img/derivatives/simple/579/fullwidth.jpg"
580,3323,"Normal Light Images›Details","Landscape with Noble Company - Detail 1",,,,,,,"curatorial_files",152,"img/derivatives/simple/580/thumbnail.jpg","img/derivatives/simple/580/fullwidth.jpg","img/derivatives/simple/580/fullwidth.jpg"
581,3323,"Normal Light Images›Details","Landscape with Noble Company - Detail 2",,,,,,,"curatorial_files",153,"img/derivatives/simple/581/thumbnail.jpg","img/derivatives/simple/581/fullwidth.jpg","img/derivatives/simple/581/fullwidth.jpg"
582,3323,"Normal Light Images›Details","Landscape with Noble Company - Detail 3",,,,,,,"curatorial_files",154,"img/derivatives/simple/582/thumbnail.jpg","img/derivatives/simple/582/fullwidth.jpg","img/derivatives/simple/582/fullwidth.jpg"
583,3325,"Normal Light Images›Details","Landscape with Rest on the Flight into Egypt - Detail 1",,,,,,,"curatorial_files",155,"img/derivatives/simple/583/thumbnail.jpg","img/derivatives/simple/583/fullwidth.jpg","img/derivatives/simple/583/fullwidth.jpg"
584,3325,"Normal Light Images›Details","Landscape with Rest on the Flight into Egypt - Detail 2",,,,,,,"curatorial_files",156,"img/derivatives/simple/584/thumbnail.jpg","img/derivatives/simple/584/fullwidth.jpg","img/derivatives/simple/584/fullwidth.jpg"
585,3325,"Normal Light Images›Details","Landscape with Rest on the Flight into Egypt - Detail 3",,,,,,,"curatorial_files",157,"img/derivatives/simple/585/thumbnail.jpg","img/derivatives/simple/585/fullwidth.jpg","img/derivatives/simple/585/fullwidth.jpg"
586,3327,"Normal Light Images›Details","Landscape with St. Jerome (Munich) - Detail 1",,,,,,,"curatorial_files",158,"img/derivatives/simple/586/thumbnail.jpg","img/derivatives/simple/586/fullwidth.jpg","img/derivatives/simple/586/fullwidth.jpg"
587,3833,"Normal Light Images›Framed","Black and white image, framed",,,,,,,"curatorial_files",159,"img/derivatives/simple/587/thumbnail.jpg","img/derivatives/simple/587/fullwidth.jpg","img/derivatives/simple/587/fullwidth.jpg"
588,3341,"Normal Light Images›Details","Large Fish Market with Self Portrait - Detail 1",,,,,,,"curatorial_files",160,"img/derivatives/simple/588/thumbnail.jpg","img/derivatives/simple/588/fullwidth.jpg","img/derivatives/simple/588/fullwidth.jpg"
589,3341,"Normal Light Images›Details","Large Fish Market with Self Portrait - Detail 2",,,,,,,"curatorial_files",161,"img/derivatives/simple/589/thumbnail.jpg","img/derivatives/simple/589/fullwidth.jpg","img/derivatives/simple/589/fullwidth.jpg"
590,3341,"Normal Light Images›Details","Large Fish Market with Self Portrait - Detail 3",,,,,,,"curatorial_files",162,"img/derivatives/simple/590/thumbnail.jpg","img/derivatives/simple/590/fullwidth.jpg","img/derivatives/simple/590/fullwidth.jpg"
591,3341,"Normal Light Images›Details","Large Fish Market with Self Portrait - Detail 4",,,,,,,"curatorial_files",163,"img/derivatives/simple/591/thumbnail.jpg","img/derivatives/simple/591/fullwidth.jpg","img/derivatives/simple/591/fullwidth.jpg"
592,3341,"Normal Light Images›Details","Large Fish Market with Self Portrait - Detail 5",,,,,,,"curatorial_files",164,"img/derivatives/simple/592/thumbnail.jpg","img/derivatives/simple/592/fullwidth.jpg","img/derivatives/simple/592/fullwidth.jpg"
593,3347,"Normal Light Images›Details","Lot and His Daughters before Sodom (Munich) - Detail 1",,,,,,,"curatorial_files",165,"img/derivatives/simple/593/thumbnail.jpg","img/derivatives/simple/593/fullwidth.jpg","img/derivatives/simple/593/fullwidth.jpg"
595,3350,"Normal Light Images›Extra Images","Madonna and Child in a Flower Garland with Putti (Munich) -Unframed",,,,,,,"curatorial_files",166,"img/derivatives/simple/595/thumbnail.jpg","img/derivatives/simple/595/fullwidth.jpg","img/derivatives/simple/595/fullwidth.jpg"
596,3350,"Normal Light Images›Details","Madonna and Child in a Flower Garland with Putti (Munich) - Detail 1",,,,,,,"curatorial_files",167,"img/derivatives/simple/596/thumbnail.jpg","img/derivatives/simple/596/fullwidth.jpg","img/derivatives/simple/596/fullwidth.jpg"
597,3350,"Normal Light Images›Details","Madonna and Child in a Flower Garland with Putti (Munich) - Detail 2",,,,,,,"curatorial_files",168,"img/derivatives/simple/597/thumbnail.jpg","img/derivatives/simple/597/fullwidth.jpg","img/derivatives/simple/597/fullwidth.jpg"
598,3350,"Normal Light Images›Details","Madonna and Child in a Flower Garland with Putti (Munich) - Detail 3",,,,,,,"curatorial_files",169,"img/derivatives/simple/598/thumbnail.jpg","img/derivatives/simple/598/fullwidth.jpg","img/derivatives/simple/598/fullwidth.jpg"
599,3352,"Normal Light Images›Details","Madonna and Child with Angels in a Landscape (Cologne) - Detail 1",,,,,,,"curatorial_files",170,"img/derivatives/simple/599/thumbnail.jpg","img/derivatives/simple/599/fullwidth.jpg","img/derivatives/simple/599/fullwidth.jpg"
600,3352,"Normal Light Images›Details","Madonna and Child with Angels in a Landscape (Cologne) - Detail 2",,,,,,,"curatorial_files",171,"img/derivatives/simple/600/thumbnail.jpg","img/derivatives/simple/600/fullwidth.jpg","img/derivatives/simple/600/fullwidth.jpg"
601,3352,"Normal Light Images›Details","Madonna and Child with Angels in a Landscape (Cologne) - Detail 3",,,,,,,"curatorial_files",172,"img/derivatives/simple/601/thumbnail.jpg","img/derivatives/simple/601/fullwidth.jpg","img/derivatives/simple/601/fullwidth.jpg"
602,3364,"Normal Light Images›Details","Mary with Christ, John and Putti in a Landscape - Detail 1",,,,,,,"curatorial_files",173,"img/derivatives/simple/602/thumbnail.jpg","img/derivatives/simple/602/fullwidth.jpg","img/derivatives/simple/602/fullwidth.jpg"
603,3364,"Normal Light Images›Details","Mary with Christ, John and Putti in a Landscape - Detail 2",,,,,,,"curatorial_files",174,"img/derivatives/simple/603/thumbnail.jpg","img/derivatives/simple/603/fullwidth.jpg","img/derivatives/simple/603/fullwidth.jpg"
604,3364,"Normal Light Images›Details","Mary with Christ, John and Putti in a Landscape - Detail 3",,,,,,,"curatorial_files",175,"img/derivatives/simple/604/thumbnail.jpg","img/derivatives/simple/604/fullwidth.jpg","img/derivatives/simple/604/fullwidth.jpg"
605,3378,"Normal Light Images›Related Materials","Mountain Landscape with a Hermit Reading in front of Ruins (St. Anthony) - Extra 1",,,,,,,"curatorial_files",176,"img/derivatives/simple/605/thumbnail.jpg","img/derivatives/simple/605/fullwidth.jpg","img/derivatives/simple/605/fullwidth.jpg"
606,3400,"Normal Light Images›Details","Orpheus Sings for Pluto and Proserpina (London) - Detail 1",,,,,,,"curatorial_files",177,"img/derivatives/simple/606/thumbnail.jpg","img/derivatives/simple/606/fullwidth.jpg","img/derivatives/simple/606/fullwidth.jpg"
607,3400,"Normal Light Images›Details","Orpheus Sings for Pluto and Proserpina (London) - Detail 2",,,,,,,"curatorial_files",178,"img/derivatives/simple/607/thumbnail.jpg","img/derivatives/simple/607/fullwidth.jpg","img/derivatives/simple/607/fullwidth.jpg"
608,3400,"Normal Light Images›Details","Orpheus Sings for Pluto and Proserpina (London) - Detail 3",,,,,,,"curatorial_files",179,"img/derivatives/simple/608/thumbnail.jpg","img/derivatives/simple/608/fullwidth.jpg","img/derivatives/simple/608/fullwidth.jpg"
609,3400,"Normal Light Images›Details","Orpheus Sings for Pluto and Proserpina (London) - Detail 4",,,,,,,"curatorial_files",180,"img/derivatives/simple/609/thumbnail.jpg","img/derivatives/simple/609/fullwidth.jpg","img/derivatives/simple/609/fullwidth.jpg"
610,3444,"Normal Light Images›Details","Preaching of John the Baptist (Munich) - Detail 1",,,,,,,"curatorial_files",181,"img/derivatives/simple/610/thumbnail.jpg","img/derivatives/simple/610/fullwidth.jpg","img/derivatives/simple/610/fullwidth.jpg"
611,3444,"Normal Light Images›Details","Preaching of John the Baptist (Munich) - Detail 2",,,,,,,"curatorial_files",182,"img/derivatives/simple/611/thumbnail.jpg","img/derivatives/simple/611/fullwidth.jpg","img/derivatives/simple/611/fullwidth.jpg"
612,3444,"Normal Light Images›Details","Preaching of John the Baptist (Munich) - Detail 3",,,,,,,"curatorial_files",183,"img/derivatives/simple/612/thumbnail.jpg","img/derivatives/simple/612/fullwidth.jpg","img/derivatives/simple/612/fullwidth.jpg"
613,3491,"Normal Light Images›Details","River Landscape with Travelers on a Road (Munich) - Detail 1",,,,,,,"curatorial_files",184,"img/derivatives/simple/613/thumbnail.jpg","img/derivatives/simple/613/fullwidth.jpg","img/derivatives/simple/613/fullwidth.jpg"
614,3498,"Normal Light Images›Details","Riverside Village with Landing Stage - Detail 1",,,,,,,"curatorial_files",185,"img/derivatives/simple/614/thumbnail.jpg","img/derivatives/simple/614/fullwidth.jpg","img/derivatives/simple/614/fullwidth.jpg"
615,3498,"Normal Light Images›Details","Riverside Village with Landing Stage - Detail 2",,,,,,,"curatorial_files",186,"img/derivatives/simple/615/thumbnail.jpg","img/derivatives/simple/615/fullwidth.jpg","img/derivatives/simple/615/fullwidth.jpg"
616,3498,"Normal Light Images›Details","Riverside Village with Landing Stage - Detail 3",,,,,,,"curatorial_files",187,"img/derivatives/simple/616/thumbnail.jpg","img/derivatives/simple/616/fullwidth.jpg","img/derivatives/simple/616/fullwidth.jpg"
617,3506,"Normal Light Images›Extra Images","Road through a Wood - Extra 1",,,,,,,"curatorial_files",188,"img/derivatives/simple/617/thumbnail.jpg","img/derivatives/simple/617/fullwidth.jpg","img/derivatives/simple/617/fullwidth.jpg"
618,3506,"Normal Light Images›Details","Road through a Wood - Detail 1",,,,,,,"curatorial_files",189,"img/derivatives/simple/618/thumbnail.jpg","img/derivatives/simple/618/fullwidth.jpg","img/derivatives/simple/618/fullwidth.jpg"
619,3517,"Normal Light Images›Details","Roadway by a Stream - Detail 1",,,,,,,"curatorial_files",190,"img/derivatives/simple/619/thumbnail.jpg","img/derivatives/simple/619/fullwidth.jpg","img/derivatives/simple/619/fullwidth.jpg"
620,3517,"Normal Light Images›Details","Roadway by a Stream - Detail 2",,,,,,,"curatorial_files",191,"img/derivatives/simple/620/thumbnail.jpg","img/derivatives/simple/620/fullwidth.jpg","img/derivatives/simple/620/fullwidth.jpg"
621,3528,"Normal Light Images›Details","Roman Carnival: Allegory of Winter - Detail 1",,,,,,,"curatorial_files",192,"img/derivatives/simple/621/thumbnail.jpg","img/derivatives/simple/621/fullwidth.jpg","img/derivatives/simple/621/fullwidth.jpg"
622,3542,"Normal Light Images›Details","Sea Harbor with Preaching of Christ (Munich) - Detail 1",,,,,,,"curatorial_files",193,"img/derivatives/simple/622/thumbnail.jpg","img/derivatives/simple/622/fullwidth.jpg","img/derivatives/simple/622/fullwidth.jpg"
623,3542,"Normal Light Images›Details","Sea Harbor with Preaching of Christ (Munich) - Detail 2",,,,,,,"curatorial_files",194,"img/derivatives/simple/623/thumbnail.jpg","img/derivatives/simple/623/fullwidth.jpg","img/derivatives/simple/623/fullwidth.jpg"
624,3542,"Normal Light Images›Details","Sea Harbor with Preaching of Christ (Munich) - Detail 3",,,,,,,"curatorial_files",195,"img/derivatives/simple/624/thumbnail.jpg","img/derivatives/simple/624/fullwidth.jpg","img/derivatives/simple/624/fullwidth.jpg"
625,3542,"Normal Light Images›Details","Sea Harbor with Preaching of Christ (Munich) - Detail 4",,,,,,,"curatorial_files",196,"img/derivatives/simple/625/thumbnail.jpg","img/derivatives/simple/625/fullwidth.jpg","img/derivatives/simple/625/fullwidth.jpg"
626,3555,"Normal Light Images›Details","Sloth: Laborers Asleep in the Fields - Detail 1",,,,,,,"curatorial_files",197,"img/derivatives/simple/626/thumbnail.jpg","img/derivatives/simple/626/fullwidth.jpg","img/derivatives/simple/626/fullwidth.jpg"
627,3555,"Normal Light Images›Details","Sloth: Laborers Asleep in the Fields - Detail 2",,,,,,,"curatorial_files",198,"img/derivatives/simple/627/thumbnail.jpg","img/derivatives/simple/627/fullwidth.jpg","img/derivatives/simple/627/fullwidth.jpg"
628,3850,"Normal Light Images›Details","Storm at Sea with Shipwreck - Detail 1",,,,,,,"curatorial_files",199,"img/derivatives/simple/628/thumbnail.jpg","img/derivatives/simple/628/fullwidth.jpg","img/derivatives/simple/628/fullwidth.jpg"
629,3850,"Normal Light Images›Details","Storm at Sea with Shipwreck - Detail 2",,,,,,,"curatorial_files",200,"img/derivatives/simple/629/thumbnail.jpg","img/derivatives/simple/629/fullwidth.jpg","img/derivatives/simple/629/fullwidth.jpg"
630,3850,"Normal Light Images›Details","Storm at Sea with Shipwreck - Detail 3",,,,,,,"curatorial_files",201,"img/derivatives/simple/630/thumbnail.jpg","img/derivatives/simple/630/fullwidth.jpg","img/derivatives/simple/630/fullwidth.jpg"
631,3850,"Normal Light Images›Details","Storm at Sea with Shipwreck - Detail 4",,,,,,,"curatorial_files",202,"img/derivatives/simple/631/thumbnail.jpg","img/derivatives/simple/631/fullwidth.jpg","img/derivatives/simple/631/fullwidth.jpg"
632,3577,"Normal Light Images›Reverse","Verso: Light Sketch of Two Figures and a Man on Horseback",,,,,,"Verso of ""Studies of Figures, Two Dogs and a Fish.""","curatorial_files",203,"img/derivatives/simple/632/thumbnail.jpg","img/derivatives/simple/632/fullwidth.jpg","img/derivatives/simple/632/fullwidth.jpg"
633,3585,"Written Documents","Study of Three Seated Figures - Catalog Card from Museum Plantin-Moretus",,,,,,,"curatorial_files",204,"img/derivatives/simple/633/thumbnail.jpg","img/derivatives/simple/633/fullwidth.jpg","img/derivatives/simple/633/fullwidth.jpg"
635,3604,"Normal Light Images›Details","Temptation of St. Anthony (Munich) - Detail 1",,,,,,,"curatorial_files",205,"img/derivatives/simple/635/thumbnail.jpg","img/derivatives/simple/635/fullwidth.jpg","img/derivatives/simple/635/fullwidth.jpg"
636,3604,"Normal Light Images›Details","Temptation of St. Anthony (Munich) - Detail 2",,,,,,,"curatorial_files",206,"img/derivatives/simple/636/thumbnail.jpg","img/derivatives/simple/636/fullwidth.jpg","img/derivatives/simple/636/fullwidth.jpg"
637,3619,"Normal Light Images›Details","The Continence of Scipio - Detail 1",,,,,,,"curatorial_files",207,"img/derivatives/simple/637/thumbnail.jpg","img/derivatives/simple/637/fullwidth.jpg","img/derivatives/simple/637/fullwidth.jpg"
638,3619,"Normal Light Images›Details","The Continence of Scipio - Detail 2",,,,,,,"curatorial_files",208,"img/derivatives/simple/638/thumbnail.jpg","img/derivatives/simple/638/fullwidth.jpg","img/derivatives/simple/638/fullwidth.jpg"
639,3619,"Normal Light Images›Details","The Continence of Scipio - Detail 3",,,,,,,"curatorial_files",209,"img/derivatives/simple/639/thumbnail.jpg","img/derivatives/simple/639/fullwidth.jpg","img/derivatives/simple/639/fullwidth.jpg"
641,3632,"Normal Light Images›Details","The Prophecy of Isaiah (Munich) - Detail 1",,,,,,,"curatorial_files",211,"img/derivatives/simple/641/thumbnail.jpg","img/derivatives/simple/641/fullwidth.jpg","img/derivatives/simple/641/fullwidth.jpg"
642,3632,"Normal Light Images›Details","The Prophecy of Isaiah (Munich) - Detail 2",,,,,,,"curatorial_files",212,"img/derivatives/simple/642/thumbnail.jpg","img/derivatives/simple/642/fullwidth.jpg","img/derivatives/simple/642/fullwidth.jpg"
643,3633,"Normal Light Images›Details","The Raid (Aschaffenburg) - Detail 1",,,,,,,"curatorial_files",213,"img/derivatives/simple/643/thumbnail.jpg","img/derivatives/simple/643/fullwidth.jpg","img/derivatives/simple/643/fullwidth.jpg"
644,3633,"Normal Light Images›Details","The Raid (Aschaffenburg) - Detail 2",,,,,,,"curatorial_files",214,"img/derivatives/simple/644/thumbnail.jpg","img/derivatives/simple/644/fullwidth.jpg","img/derivatives/simple/644/fullwidth.jpg"
645,3633,"Normal Light Images›Details","The Raid (Aschaffenburg) - Detail 3",,,,,,,"curatorial_files",215,"img/derivatives/simple/645/thumbnail.jpg","img/derivatives/simple/645/fullwidth.jpg","img/derivatives/simple/645/fullwidth.jpg"
646,3633,"Normal Light Images›Details","The Raid (Aschaffenburg) - Detail 4",,,,,,,"curatorial_files",216,"img/derivatives/simple/646/thumbnail.jpg","img/derivatives/simple/646/fullwidth.jpg","img/derivatives/simple/646/fullwidth.jpg"
647,3672,"Normal Light Images›Details","Triumph of Bacchus - Detail 1",,,,,,"Contour lines around van Balen's figures","curatorial_files",217,"img/derivatives/simple/647/thumbnail.jpg","img/derivatives/simple/647/fullwidth.jpg","img/derivatives/simple/647/fullwidth.jpg"
648,3672,"Normal Light Images›Details","Triumph of Bacchus - Detail 2",,,,,,,"curatorial_files",218,"img/derivatives/simple/648/thumbnail.jpg","img/derivatives/simple/648/fullwidth.jpg","img/derivatives/simple/648/fullwidth.jpg"
649,3672,"Normal Light Images›Details","Triumph of Bacchus - Detail 3",,,,,,,"curatorial_files",219,"img/derivatives/simple/649/thumbnail.jpg","img/derivatives/simple/649/fullwidth.jpg","img/derivatives/simple/649/fullwidth.jpg"
650,3685,"Normal Light Images›Details","Venus and Mars - Detail 1",,,,,,,"curatorial_files",220,"img/derivatives/simple/650/thumbnail.jpg","img/derivatives/simple/650/fullwidth.jpg","img/derivatives/simple/650/fullwidth.jpg"
651,3866,"Normal Light Images›Details","View over a Broad River Valley with Gypsies - Detail 1",,,,,,,"curatorial_files",221,"img/derivatives/simple/651/thumbnail.jpg","img/derivatives/simple/651/fullwidth.jpg","img/derivatives/simple/651/fullwidth.jpg"
652,3866,"Normal Light Images›Details","View over a Broad River Valley with Gypsies - Detail 2",,,,,,,"curatorial_files",222,"img/derivatives/simple/652/thumbnail.jpg","img/derivatives/simple/652/fullwidth.jpg","img/derivatives/simple/652/fullwidth.jpg"
653,3866,"Normal Light Images›Details","View over a Broad River Valley with Gypsies - Detail 3",,,,,,,"curatorial_files",223,"img/derivatives/simple/653/thumbnail.jpg","img/derivatives/simple/653/fullwidth.jpg","img/derivatives/simple/653/fullwidth.jpg"
6530,9648,"Normal Light Images›Extra Images","Black and white image",,,,,,,"curatorial_files",253,"img/derivatives/simple/6530/thumbnail.jpg","img/derivatives/simple/6530/fullwidth.jpg","img/derivatives/simple/6530/fullwidth.jpg"
6531,9708,"Normal Light Images›Reverse","Studies of Foliage with Fruits and Berries",,,,,,"Verso of ""Study of a Tree Trunk and Foliage""","curatorial_files",254,"img/derivatives/simple/6531/thumbnail.jpg","img/derivatives/simple/6531/fullwidth.jpg","img/derivatives/simple/6531/fullwidth.jpg"
654,3706,"Written Documents","Village Alongside a River - Catalog Card from Museum Plantin-Moretus",,,,,,,"curatorial_files",224,"img/derivatives/simple/654/thumbnail.jpg","img/derivatives/simple/654/fullwidth.jpg","img/derivatives/simple/654/fullwidth.jpg"
655,3869,"Normal Light Images›Details","Village Landscape with Dancers, Ballad Singers, and Possible Self Portrait - Detail 1",,,,,,,"curatorial_files",225,"img/derivatives/simple/655/thumbnail.jpg","img/derivatives/simple/655/fullwidth.jpg","img/derivatives/simple/655/fullwidth.jpg"
656,3869,"Normal Light Images›Details","Village Landscape with Dancers, Ballad Singers, and Possible Self Portrait - Detail 2",,,,,,,"curatorial_files",226,"img/derivatives/simple/656/thumbnail.jpg","img/derivatives/simple/656/fullwidth.jpg","img/derivatives/simple/656/fullwidth.jpg"
657,3869,"Normal Light Images›Details","Village Landscape with Dancers, Ballad Singers, and Possible Self Portrait - Detail 3",,,,,,,"curatorial_files",227,"img/derivatives/simple/657/thumbnail.jpg","img/derivatives/simple/657/fullwidth.jpg","img/derivatives/simple/657/fullwidth.jpg"
658,3869,"Normal Light Images›Details","Village Landscape with Dancers, Ballad Singers, and Possible Self Portrait - Detail 4",,,,,,,"curatorial_files",228,"img/derivatives/simple/658/thumbnail.jpg","img/derivatives/simple/658/fullwidth.jpg","img/derivatives/simple/658/fullwidth.jpg"
659,3869,"Normal Light Images›Details","Village Landscape with Dancers, Ballad Singers, and Possible Self Portrait - Detail 5",,,,,,,"curatorial_files",229,"img/derivatives/simple/659/thumbnail.jpg","img/derivatives/simple/659/fullwidth.jpg","img/derivatives/simple/659/fullwidth.jpg"
660,3725,"Written Documents","Village Square - Catalog Card from Museum Plantin-Moretus",,,,,,,"curatorial_files",230,"img/derivatives/simple/660/thumbnail.jpg","img/derivatives/simple/660/fullwidth.jpg","img/derivatives/simple/660/fullwidth.jpg"
661,3726,"Normal Light Images›Details","Village Street - Detail 1",,,,,,,"curatorial_files",231,"img/derivatives/simple/661/thumbnail.jpg","img/derivatives/simple/661/fullwidth.jpg","img/derivatives/simple/661/fullwidth.jpg"
662,3726,"Normal Light Images›Details","Village Street - Detail 2",,,,,,,"curatorial_files",232,"img/derivatives/simple/662/thumbnail.jpg","img/derivatives/simple/662/fullwidth.jpg","img/derivatives/simple/662/fullwidth.jpg"
663,3757,"Normal Light Images›Details","Wide Landscape with Wagons - Detail 1",,,,,,,"curatorial_files",233,"img/derivatives/simple/663/thumbnail.jpg","img/derivatives/simple/663/fullwidth.jpg","img/derivatives/simple/663/fullwidth.jpg"
664,3757,"Normal Light Images›Details","Wide Landscape with Wagons - Detail 2",,,,,,,"curatorial_files",234,"img/derivatives/simple/664/thumbnail.jpg","img/derivatives/simple/664/fullwidth.jpg","img/derivatives/simple/664/fullwidth.jpg"
665,3757,"Normal Light Images›Details","Wide Landscape with Wagons - Detail 3",,,,,,,"curatorial_files",235,"img/derivatives/simple/665/thumbnail.jpg","img/derivatives/simple/665/fullwidth.jpg","img/derivatives/simple/665/fullwidth.jpg"
666,3766,"Normal Light Images›Details","Windmill in a River Landscape - Detail 1",,,,,,,"curatorial_files",236,"img/derivatives/simple/666/thumbnail.jpg","img/derivatives/simple/666/fullwidth.jpg","img/derivatives/simple/666/fullwidth.jpg"
667,3766,"Normal Light Images›Details","Windmill in a River Landscape - Detail 2",,,,,,,"curatorial_files",237,"img/derivatives/simple/667/thumbnail.jpg","img/derivatives/simple/667/fullwidth.jpg","img/derivatives/simple/667/fullwidth.jpg"
668,3766,"Normal Light Images›Details","Windmill in a River Landscape - Detail 3",,,,,,,"curatorial_files",238,"img/derivatives/simple/668/thumbnail.jpg","img/derivatives/simple/668/fullwidth.jpg","img/derivatives/simple/668/fullwidth.jpg"
670,3777,"Normal Light Images›Framed","Wooded Landscape with Duck Hunter - Framed",,,,,,,"curatorial_files",239,"img/derivatives/simple/670/thumbnail.jpg","img/derivatives/simple/670/fullwidth.jpg","img/derivatives/simple/670/fullwidth.jpg"
671,3777,"Normal Light Images›Details","Wooded Landscape with Duck Hunter - Detail 1",,,,,,,"curatorial_files",240,"img/derivatives/simple/671/thumbnail.jpg","img/derivatives/simple/671/fullwidth.jpg","img/derivatives/simple/671/fullwidth.jpg"
672,3781,"Written Documents","Wooded Landscape with Wagon - Catalog Card from Museum Plantin-Moretus",,,,,,,"curatorial_files",241,"img/derivatives/simple/672/thumbnail.jpg","img/derivatives/simple/672/fullwidth.jpg","img/derivatives/simple/672/fullwidth.jpg"
673,3783,"Normal Light Images›Details","Woodland Landscape with Travelers on a Path - Detail 1",,,,,,,"curatorial_files",242,"img/derivatives/simple/673/thumbnail.jpg","img/derivatives/simple/673/fullwidth.jpg","img/derivatives/simple/673/fullwidth.jpg"
674,3783,"Normal Light Images›Details","Woodland Landscape with Travelers on a Path - Detail 2",,,,,,,"curatorial_files",243,"img/derivatives/simple/674/thumbnail.jpg","img/derivatives/simple/674/fullwidth.jpg","img/derivatives/simple/674/fullwidth.jpg"
675,3783,"Normal Light Images›Details","Woodland Landscape with Travelers on a Path - Detail 3",,,,,,,"curatorial_files",244,"img/derivatives/simple/675/thumbnail.jpg","img/derivatives/simple/675/fullwidth.jpg","img/derivatives/simple/675/fullwidth.jpg"
676,3783,"Normal Light Images›Details","Woodland Landscape with Travelers on a Path - Detail 4",,,,,,,"curatorial_files",245,"img/derivatives/simple/676/thumbnail.jpg","img/derivatives/simple/676/fullwidth.jpg","img/derivatives/simple/676/fullwidth.jpg"
678,3157,"Normal Light Images›Related Materials","Flower Chart",,,,,,,"curatorial_files",246,"img/derivatives/simple/678/thumbnail.jpg","img/derivatives/simple/678/fullwidth.jpg","img/derivatives/simple/678/fullwidth.jpg"
682,3780,"Normal Light Images›Extra Images","Black and white",,,,,,,"curatorial_files",247,"img/derivatives/simple/682/thumbnail.jpg","img/derivatives/simple/682/fullwidth.jpg","img/derivatives/simple/682/fullwidth.jpg"
683,3518,"Normal Light Images›Details","From the RKD",,,,,,,"curatorial_files",248,"img/derivatives/simple/683/thumbnail.jpg","img/derivatives/simple/683/fullwidth.jpg","img/derivatives/simple/683/fullwidth.jpg"
7273,2945,"Normal Light Images›Extra Images",,,,,,,,"curatorial_files",256,"img/derivatives/simple/7273/thumbnail.jpg","img/derivatives/simple/7273/fullwidth.jpg","img/derivatives/simple/7273/fullwidth.jpg"
7274,9787,"Normal Light Images›Extra Images",,,,,,,,"curatorial_files",257,"img/derivatives/simple/7274/thumbnail.jpg","img/derivatives/simple/7274/fullwidth.jpg","img/derivatives/simple/7274/fullwidth.jpg"
7275,2979,"Normal Light Images›Extra Images","Extra image",,,,,,,"curatorial_files",258,"img/derivatives/simple/7275/thumbnail.jpg","img/derivatives/simple/7275/fullwidth.jpg","img/derivatives/simple/7275/fullwidth.jpg"
7276,3257,"Normal Light Images›Details","Harbor Scene Watermark",,,,,,,"curatorial_files",259,"img/derivatives/simple/7276/thumbnail.jpg","img/derivatives/simple/7276/fullwidth.jpg","img/derivatives/simple/7276/fullwidth.jpg"
7280,9687,"Normal Light Images›Extra Images",,,,,,,,"curatorial_files",263,"img/derivatives/simple/7280/thumbnail.jpg","img/derivatives/simple/7280/fullwidth.jpg","img/derivatives/simple/7280/fullwidth.jpg"
7281,9687,"Normal Light Images›Extra Images",,,,,,,,"curatorial_files",264,"img/derivatives/simple/7281/thumbnail.jpg","img/derivatives/simple/7281/fullwidth.jpg","img/derivatives/simple/7281/fullwidth.jpg"
7283,9669,"Normal Light Images›Extra Images",,,,,,,,"curatorial_files",266,"img/derivatives/simple/7283/thumbnail.jpg","img/derivatives/simple/7283/fullwidth.jpg","img/derivatives/simple/7283/fullwidth.jpg"
7285,3550,"Normal Light Images›Extra Images",,,,,,,,"curatorial_files",268,"img/derivatives/simple/7285/thumbnail.jpg","img/derivatives/simple/7285/fullwidth.jpg","img/derivatives/simple/7285/fullwidth.jpg"
7287,9633,"Normal Light Images›Extra Images",,,,,,,,"curatorial_files",270,"img/derivatives/simple/7287/thumbnail.jpg","img/derivatives/simple/7287/fullwidth.jpg","img/derivatives/simple/7287/fullwidth.jpg"
7289,3592,"Normal Light Images›Extra Images",,,,,,,,"curatorial_files",272,"img/derivatives/simple/7289/thumbnail.jpg","img/derivatives/simple/7289/fullwidth.jpg","img/derivatives/simple/7289/fullwidth.jpg"
7293,3741,"Normal Light Images›Extra Images",,,,,,,,"curatorial_files",276,"img/derivatives/simple/7293/thumbnail.jpg","img/derivatives/simple/7293/fullwidth.jpg","img/derivatives/simple/7293/fullwidth.jpg"
7296,3767,"Normal Light Images›Extra Images",,,,,,,,"curatorial_files",278,"img/derivatives/simple/7296/thumbnail.jpg","img/derivatives/simple/7296/fullwidth.jpg","img/derivatives/simple/7296/fullwidth.jpg"
7297,3767,"Normal Light Images›Extra Images",,,,,,,,"curatorial_files",279,"img/derivatives/simple/7297/thumbnail.jpg","img/derivatives/simple/7297/fullwidth.jpg","img/derivatives/simple/7297/fullwidth.jpg"
7298,9637,"Normal Light Images›Extra Images",,,,,,,,"curatorial_files",280,"img/derivatives/simple/7298/thumbnail.jpg","img/derivatives/simple/7298/fullwidth.jpg","img/derivatives/simple/7298/fullwidth.jpg"
7299,9637,"Normal Light Images›Extra Images",,,,,,,,"curatorial_files",281,"img/derivatives/simple/7299/thumbnail.jpg","img/derivatives/simple/7299/fullwidth.jpg","img/derivatives/simple/7299/fullwidth.jpg"
7321,3394,"Normal Light Images›Extra Images",,,,,,,,"curatorial_files",284,"img/derivatives/simple/7321/thumbnail.jpg","img/derivatives/simple/7321/fullwidth.jpg","img/derivatives/simple/7321/fullwidth.jpg"
7330,9646,"Normal Light Images›Extra Images","Black and white",,,,,,,"curatorial_files",285,"img/derivatives/simple/7330/thumbnail.jpg","img/derivatives/simple/7330/fullwidth.jpg","img/derivatives/simple/7330/fullwidth.jpg"
7332,3589,"Normal Light Images›Extra Images",,,,,,,,"curatorial_files",287,"img/derivatives/simple/7332/thumbnail.jpg","img/derivatives/simple/7332/fullwidth.jpg","img/derivatives/simple/7332/fullwidth.jpg"
7334,3689,"Normal Light Images›Extra Images",,,,,,,,"curatorial_files",289,"img/derivatives/simple/7334/thumbnail.jpg","img/derivatives/simple/7334/fullwidth.jpg","img/derivatives/simple/7334/fullwidth.jpg"
734,5550,"Normal Light Images›Framed","Framed",,,,,,,"curatorial_files",249,"img/derivatives/simple/734/thumbnail.jpg","img/derivatives/simple/734/fullwidth.jpg","img/derivatives/simple/734/fullwidth.jpg"
7349,2971,"Normal Light Images›Framed","Battle of the Amazons - Framed",,,,,,,"curatorial_files",290,"img/derivatives/simple/7349/thumbnail.jpg","img/derivatives/simple/7349/fullwidth.jpg","img/derivatives/simple/7349/fullwidth.jpg"
735,5550,"Normal Light Images›Reverse","Reverse",,,,,,,"curatorial_files",250,"img/derivatives/simple/735/thumbnail.jpg","img/derivatives/simple/735/fullwidth.jpg","img/derivatives/simple/735/fullwidth.jpg"
7350,2971,"Normal Light Images›Details","Battle of the Amazons - Detail 1",,,,,,,"curatorial_files",291,"img/derivatives/simple/7350/thumbnail.jpg","img/derivatives/simple/7350/fullwidth.jpg","img/derivatives/simple/7350/fullwidth.jpg"
7351,2971,"Normal Light Images›Details","Battle of the Amazons - Detail 2",,,,,,,"curatorial_files",292,"img/derivatives/simple/7351/thumbnail.jpg","img/derivatives/simple/7351/fullwidth.jpg","img/derivatives/simple/7351/fullwidth.jpg"
7352,2971,"Normal Light Images›Details","Battle of the Amazons - Detail 3",,,,,,,"curatorial_files",293,"img/derivatives/simple/7352/thumbnail.jpg","img/derivatives/simple/7352/fullwidth.jpg","img/derivatives/simple/7352/fullwidth.jpg"
7354,3402,"Normal Light Images›Framed",,,,,,,,"curatorial_files",295,"img/derivatives/simple/7354/thumbnail.jpg","img/derivatives/simple/7354/fullwidth.jpg","img/derivatives/simple/7354/fullwidth.jpg"
736,3004,"Normal Light Images›Framed","Framed",,,,,,,"curatorial_files",251,"img/derivatives/simple/736/thumbnail.jpg","img/derivatives/simple/736/fullwidth.jpg","img/derivatives/simple/736/fullwidth.jpg"
768,3048,"Normal Light Images›Extra Images",,,,,,,,"curatorial_files",252,"img/derivatives/simple/768/thumbnail.jpg","img/derivatives/simple/768/fullwidth.jpg","img/derivatives/simple/768/fullwidth.jpg"
447,2924,"Normal Light Images›Framed","Allegory of Sight and Smell, framed",,,,,,,"curatorial_files",30,"img/derivatives/simple/447/thumbnail.jpg","img/derivatives/simple/447/fullwidth.jpg",
514,3815,"Normal Light Images›Extra Images","Black and white image",,,,,,,"curatorial_files",87,"img/derivatives/simple/514/thumbnail.jpg","img/derivatives/simple/514/fullwidth.jpg",
555,3825,"Normal Light Images›Extra Images","Fruit Garland with Offering to Ceres - Additional Image",,,,,,,"curatorial_files",128,"img/derivatives/simple/555/thumbnail.jpg","img/derivatives/simple/555/fullwidth.jpg",
640,3619,"Normal Light Images›Related Materials","(Possibly) Related drawing",,,,,,,"curatorial_files",210,"img/derivatives/simple/640/thumbnail.jpg","img/derivatives/simple/640/fullwidth.jpg",
7272,9723,"Normal Light Images›Extra Images",,,,,,,,"curatorial_files",255,"img/derivatives/simple/7272/thumbnail.jpg","img/derivatives/simple/7272/fullwidth.jpg",
7277,9813,"Normal Light Images›Extra Images",,,,,,,,"curatorial_files",260,"img/derivatives/simple/7277/thumbnail.jpg","img/derivatives/simple/7277/fullwidth.jpg",
7278,9809,"Normal Light Images›Extra Images",,,,,,,,"curatorial_files",261,"img/derivatives/simple/7278/thumbnail.jpg","img/derivatives/simple/7278/fullwidth.jpg",
7279,9824,"Normal Light Images›Extra Images",,,,,,,,"curatorial_files",262,"img/derivatives/simple/7279/thumbnail.jpg","img/derivatives/simple/7279/fullwidth.jpg",
7282,9742,"Normal Light Images›Extra Images",,,,,,,,"curatorial_files",265,"img/derivatives/simple/7282/thumbnail.jpg","img/derivatives/simple/7282/fullwidth.jpg",
7284,9724,"Normal Light Images›Extra Images",,,,,,,,"curatorial_files",267,"img/derivatives/simple/7284/thumbnail.jpg","img/derivatives/simple/7284/fullwidth.jpg",
7286,9696,"Normal Light Images›Reverse",,,,,,,,"curatorial_files",269,"img/derivatives/simple/7286/thumbnail.jpg","img/derivatives/simple/7286/fullwidth.jpg",
7288,9820,"Normal Light Images›Reverse",,,,,,,,"curatorial_files",271,"img/derivatives/simple/7288/thumbnail.jpg","img/derivatives/simple/7288/fullwidth.jpg",
7290,9825,"Normal Light Images›Extra Images",,,,,,,,"curatorial_files",273,"img/derivatives/simple/7290/thumbnail.jpg","img/derivatives/simple/7290/fullwidth.jpg",
7291,9759,"Normal Light Images›Extra Images",,,,,,,,"curatorial_files",274,"img/derivatives/simple/7291/thumbnail.jpg","img/derivatives/simple/7291/fullwidth.jpg",
7292,9818,"Normal Light Images›Extra Images",,,,,,,,"curatorial_files",275,"img/derivatives/simple/7292/thumbnail.jpg","img/derivatives/simple/7292/fullwidth.jpg",
7295,9695,"Normal Light Images›Reverse",,,,,,,,"curatorial_files",277,"img/derivatives/simple/7295/thumbnail.jpg","img/derivatives/simple/7295/fullwidth.jpg",
7300,9691,"Normal Light Images›Extra Images",,,,,,,,"curatorial_files",282,"img/derivatives/simple/7300/thumbnail.jpg","img/derivatives/simple/7300/fullwidth.jpg",
7309,9804,"Normal Light Images›Extra Images",,,,,,,,"curatorial_files",283,"img/derivatives/simple/7309/thumbnail.jpg","img/derivatives/simple/7309/fullwidth.jpg",
7331,3110,"Normal Light Images›Extra Images","Black and white",,,,,,,"curatorial_files",286,"img/derivatives/simple/7331/thumbnail.jpg","img/derivatives/simple/7331/fullwidth.jpg",
7333,9802,"Normal Light Images›Extra Images","From Sotheby's",,,,,,,"curatorial_files",288,"img/derivatives/simple/7333/thumbnail.jpg","img/derivatives/simple/7333/fullwidth.jpg",
7353,2971,"Normal Light Images›Details","Battle of the Amazons - Detail 4",,,,,,,"curatorial_files",294,"img/derivatives/simple/7353/thumbnail.jpg","img/derivatives/simple/7353/fullwidth.jpg",
8206,10199,"Normal Light Images›Details","Travelers in a Mountain Landscape - Detail",,,,,,,"curatorial_files",296,"img/derivatives/simple/8206/thumbnail.jpg","img/derivatives/simple/8206/fullwidth.jpg",
10119,3014,"Normal Light Images›Details","Calvary (Munich) - Detail 2",,,,,,,"curatorial_files",298,"img/derivatives/simple/10119/thumbnail.jpg","img/derivatives/simple/10119/fullwidth.jpg",
